Wavelength (nm),n0,k0
389.6484375,1.5,0
402.2177419,1.5,0
415.625,1.5,0
429.9568966,1.5,0
445.3125,1.5,0
461.8055556,1.5,0
479.5673077,1.5,0
498.75,1.5,0
519.53125,1.5,0
542.1195652,1.5,0
566.7613636,1.5,0
593.75,1.5,0
623.4375,1.5,0
656.25,1.5,0
692.7083333,1.5,0
733.4558824,1.5,0
779.296875,1.5,0
831.25,1.5,0
890.625,1.5,0
959.1346154,1.5,0
1039.0625,1.5,0
1133.522727,1.5,0
1246.875,1.5,0
